Codigo,Unidade,Distancia,Servico,Atendimento,latitude,longitude
100000,Inova Parque,0,S1,0,-19.92675,-44.07271
7818858,UPA Contagem (JK),5,S1,35284,-19.94241,-44.03624
4317041,UPA Industrial,8,S1,13201,-19.96931,-44.04264
2189860,UPA Vargem das Flores,15,S1,12241,-19.83833,-44.14796
2189879,UPA Ressaca,7,S1,11361,-19.88661,-44.03075
2190125,UPA Petrol√¢ndia,7,S1,7921,-19.93051,-44.11363
2191199,Regiao 1,3,S2,124,-19.94370,-44.06693
6557864,Regiao 2,3,S2,415,-19.92942,-44.05811
2190095,Regiao 3,4,S2,301,-19.92886,-44.04764
2190087,Regiao 4,4,S2,362,-19.93684,-44.04962
2191040,Regiao 5,3,S2,18,-19.93673,-44.07910
2190990,Regiao 6,3,S2,278,-19.92591,-44.06100
2191229,Regiao 7,5,S2,160,-19.91923,-44.04299
2191059,Regiao 8,4,S2,409,-19.92546,-44.06202
2190591,Regiao 9,8,S2,423,-19.90689,-44.03838
2190184,Regiao 10,8,S2,870,-19.90475,-44.02718
2190567,Regiao 11,7,S2,16,-19.89987,-44.03285
2190494,Regiao 12,10,S2,285,-19.88058,-44.01915
2190532,Regiao 13,9,S2,342,-19.88598,-44.01992
2190931,Regiao 14,9,S2,642,-19.87224,-44.02072
2190605,Regiao 15,7,S2,379,-19.88730,-44.04377
2190109,Regiao 16,6,S2,57,-19.88388,-44.05061
7116306,Regiao 17,12,S2,179,-19.85505,-44.01586
2190923,Regiao 18,11,S2,386,-19.86472,-44.04195
2190893,Regiao 19,14,S2,705,-19.84347,-44.03189
2190222,Regiao 20,12,S2,277,-19.85457,-44.02804
2189968,Regiao 21,3,S2,355,-19.91828,-44.09081
4696077,Regiao 22,3,S2,541,-19.91302,-44.08864
7110316,Regiao 23,4,S2,637,-19.90848,-44.09112
2189984,Regiao 24,3,S2,752,-19.92635,-44.08060
2190176,Regiao 25,6,S2,2,-19.89446,-44.06772
2190389,Regiao 26,5,S2,13,-19.92797,-44.10414
2190451,Regiao 27,6,S2,191,-19.92890,-44.10979
2190206,Regiao 28,7,S2,147,-19.92824,-44.11701
2190524,Regiao 29,8,S2,270,-19.93008,-44.12490
2190435,Regiao 30,8,S2,238,-19.91695,-44.12164
2190877,Regiao 31,7,S2,200,-19.92367,-44.12114
181854,Regiao 32,8,S2,104,-19.91591,-44.11787
2190834,Regiao 33,12,S2,790,-19.86003,-44.13395
2190710,Regiao 34,16,S2,490,-19.82687,-44.14813
2190826,Regiao 35,13,S2,305,-19.87581,-44.14067
2190656,Regiao 36,15,S2,68,-19.83402,-44.09048
2190540,Regiao 37,24,S2,11,-19.80543,-44.13212
2189992,Regiao 38,7,S2,371,-19.95852,-44.02485
2191202,Regiao 39,8,S2,91,-19.96171,-44.02844
2190060,Regiao 40,9,S2,5,-19.95052,-44.01402
2190788,Regiao 41,6,S2,127,-19.94511,-44.02653
2190214,Regiao 42,8,S2,772,-19.96957,-44.02728
2190680,Regiao 43,8,S2,435,-19.96843,-44.04242
4275454,Regiao 44,7,S2,371,-19.95846,-44.04709
7301189,Regiao 45,8,S2,125,-19.96103,-44.03387
2190044,Regiao 46,4,S2,490,-19.95335,-44.06228
2189909,Regiao 47,6,S2,252,-19.95725,-44.05509
2189844,Regiao 48,6,S2,301,-19.95760,-44.05139
2190141,Regiao 49,9,S2,169,-19.97610,-44.06420
2220245,Regiao 50,4,S2,438,-19.94539,-44.05793
2190052,Regiao 51,6,S2,352,-19.94487,-44.03069
2190001,Regiao 52,5,S2,241,-19.92800,-44.03948
2191199,Regiao 1,3,S3,18,-19.94370,-44.06693
6557864,Regiao 2,3,S3,60,-19.92942,-44.05811
2190095,Regiao 3,4,S3,43,-19.92886,-44.04764
2190087,Regiao 4,4,S3,52,-19.93684,-44.04962
2191040,Regiao 5,3,S3,3,-19.93673,-44.07910
2190990,Regiao 6,3,S3,40,-19.92591,-44.06100
2191229,Regiao 7,5,S3,23,-19.91923,-44.04299
2191059,Regiao 8,4,S3,59,-19.92546,-44.06202
2190591,Regiao 9,8,S3,61,-19.90689,-44.03838
2190184,Regiao 10,8,S3,126,-19.90475,-44.02718
2190567,Regiao 11,7,S3,2,-19.89987,-44.03285
2190494,Regiao 12,10,S3,41,-19.88058,-44.01915
2190532,Regiao 13,9,S3,49,-19.88598,-44.01992
2190931,Regiao 14,9,S3,93,-19.87224,-44.02072
2190605,Regiao 15,7,S3,55,-19.88730,-44.04377
2190109,Regiao 16,6,S3,8,-19.88388,-44.05061
7116306,Regiao 17,12,S3,26,-19.85505,-44.01586
2190923,Regiao 18,11,S3,56,-19.86472,-44.04195
2190893,Regiao 19,14,S3,102,-19.84347,-44.03189
2190222,Regiao 20,12,S3,40,-19.85457,-44.02804
2189968,Regiao 21,3,S3,51,-19.91828,-44.09081
4696077,Regiao 22,3,S3,78,-19.91302,-44.08864
7110316,Regiao 23,4,S3,92,-19.90848,-44.09112
2189984,Regiao 24,3,S3,109,-19.92635,-44.08060
2190176,Regiao 25,6,S3,0,-19.89446,-44.06772
2190389,Regiao 26,5,S3,2,-19.92797,-44.10414
2190451,Regiao 27,6,S3,28,-19.92890,-44.10979
2190206,Regiao 28,7,S3,21,-19.92824,-44.11701
2190524,Regiao 29,8,S3,39,-19.93008,-44.12490
2190435,Regiao 30,8,S3,34,-19.91695,-44.12164
2190877,Regiao 31,7,S3,29,-19.92367,-44.12114
181854,Regiao 32,8,S3,15,-19.91591,-44.11787
2190834,Regiao 33,12,S3,114,-19.86003,-44.13395
2190710,Regiao 34,16,S3,71,-19.82687,-44.14813
2190826,Regiao 35,13,S3,44,-19.87581,-44.14067
2190656,Regiao 36,15,S3,10,-19.83402,-44.09048
2190540,Regiao 37,24,S3,2,-19.80543,-44.13212
2189992,Regiao 38,7,S3,54,-19.95852,-44.02485
2191202,Regiao 39,8,S3,13,-19.96171,-44.02844
2190060,Regiao 40,9,S3,1,-19.95052,-44.01402
2190788,Regiao 41,6,S3,18,-19.94511,-44.02653
2190214,Regiao 42,8,S3,111,-19.96957,-44.02728
2190680,Regiao 43,8,S3,63,-19.96843,-44.04242
4275454,Regiao 44,7,S3,54,-19.95846,-44.04709
7301189,Regiao 45,8,S3,18,-19.96103,-44.03387
2190044,Regiao 46,4,S3,71,-19.95335,-44.06228
2189909,Regiao 47,6,S3,36,-19.95725,-44.05509
2189844,Regiao 48,6,S3,43,-19.95760,-44.05139
2190141,Regiao 49,9,S3,24,-19.97610,-44.06420
2220245,Regiao 50,4,S3,63,-19.94539,-44.05793
2190052,Regiao 51,6,S3,51,-19.94487,-44.03069
2190001,Regiao 52,5,S3,35,-19.92800,-44.03948
2191199,Regiao 1,3,S4,23,-19.94370,-44.06693
6557864,Regiao 2,3,S4,77,-19.92942,-44.05811
2190095,Regiao 3,4,S4,56,-19.92886,-44.04764
2190087,Regiao 4,4,S4,67,-19.93684,-44.04962
2191040,Regiao 5,3,S4,3,-19.93673,-44.07910
2190990,Regiao 6,3,S4,52,-19.92591,-44.06100
2191229,Regiao 7,5,S4,30,-19.91923,-44.04299
2191059,Regiao 8,4,S4,76,-19.92546,-44.06202
2190591,Regiao 9,8,S4,79,-19.90689,-44.03838
2190184,Regiao 10,8,S4,162,-19.90475,-44.02718
2190567,Regiao 11,7,S4,3,-19.89987,-44.03285
2190494,Regiao 12,10,S4,53,-19.88058,-44.01915
2190532,Regiao 13,9,S4,64,-19.88598,-44.01992
2190931,Regiao 14,9,S4,120,-19.87224,-44.02072
2190605,Regiao 15,7,S4,71,-19.88730,-44.04377
2190109,Regiao 16,6,S4,11,-19.88388,-44.05061
7116306,Regiao 17,12,S4,33,-19.85505,-44.01586
2190923,Regiao 18,11,S4,72,-19.86472,-44.04195
2190893,Regiao 19,14,S4,131,-19.84347,-44.03189
2190222,Regiao 20,12,S4,52,-19.85457,-44.02804
2189968,Regiao 21,3,S4,66,-19.91828,-44.09081
4696077,Regiao 22,3,S4,101,-19.91302,-44.08864
7110316,Regiao 23,4,S4,119,-19.90848,-44.09112
2189984,Regiao 24,3,S4,140,-19.92635,-44.08060
2190176,Regiao 25,6,S4,0,-19.89446,-44.06772
2190389,Regiao 26,5,S4,2,-19.92797,-44.10414
2190451,Regiao 27,6,S4,36,-19.92890,-44.10979
2190206,Regiao 28,7,S4,27,-19.92824,-44.11701
2190524,Regiao 29,8,S4,50,-19.93008,-44.12490
2190435,Regiao 30,8,S4,44,-19.91695,-44.12164
2190877,Regiao 31,7,S4,37,-19.92367,-44.12114
181854,Regiao 32,8,S4,19,-19.91591,-44.11787
2190834,Regiao 33,12,S4,147,-19.86003,-44.13395
2190710,Regiao 34,16,S4,91,-19.82687,-44.14813
2190826,Regiao 35,13,S4,57,-19.87581,-44.14067
2190656,Regiao 36,15,S4,13,-19.83402,-44.09048
2190540,Regiao 37,24,S4,2,-19.80543,-44.13212
2189992,Regiao 38,7,S4,69,-19.95852,-44.02485
2191202,Regiao 39,8,S4,17,-19.96171,-44.02844
2190060,Regiao 40,9,S4,1,-19.95052,-44.01402
2190788,Regiao 41,6,S4,24,-19.94511,-44.02653
2190214,Regiao 42,8,S4,144,-19.96957,-44.02728
2190680,Regiao 43,8,S4,81,-19.96843,-44.04242
4275454,Regiao 44,7,S4,69,-19.95846,-44.04709
7301189,Regiao 45,8,S4,23,-19.96103,-44.03387
2190044,Regiao 46,4,S4,91,-19.95335,-44.06228
2189909,Regiao 47,6,S4,47,-19.95725,-44.05509
2189844,Regiao 48,6,S4,56,-19.95760,-44.05139
2190141,Regiao 49,9,S4,32,-19.97610,-44.06420
2220245,Regiao 50,4,S4,82,-19.94539,-44.05793
2190052,Regiao 51,6,S4,66,-19.94487,-44.03069
2190001,Regiao 52,5,S4,45,-19.92800,-44.03948
2191199,Regiao 1,3,S5,53,-19.94370,-44.06693
6557864,Regiao 2,3,S5,179,-19.92942,-44.05811
2190095,Regiao 3,4,S5,130,-19.92886,-44.04764
2190087,Regiao 4,4,S5,156,-19.93684,-44.04962
2191040,Regiao 5,3,S5,8,-19.93673,-44.07910
2190990,Regiao 6,3,S5,120,-19.92591,-44.06100
2191229,Regiao 7,5,S5,69,-19.91923,-44.04299
2191059,Regiao 8,4,S5,177,-19.92546,-44.06202
2190591,Regiao 9,8,S5,183,-19.90689,-44.03838
2190184,Regiao 10,8,S5,376,-19.90475,-44.02718
2190567,Regiao 11,7,S5,7,-19.89987,-44.03285
2190494,Regiao 12,10,S5,123,-19.88058,-44.01915
2190532,Regiao 13,9,S5,148,-19.88598,-44.01992
2190931,Regiao 14,9,S5,277,-19.87224,-44.02072
2190605,Regiao 15,7,S5,164,-19.88730,-44.04377
2190109,Regiao 16,6,S5,25,-19.88388,-44.05061
7116306,Regiao 17,12,S5,77,-19.85505,-44.01586
2190923,Regiao 18,11,S5,167,-19.86472,-44.04195
2190893,Regiao 19,14,S5,305,-19.84347,-44.03189
2190222,Regiao 20,12,S5,120,-19.85457,-44.02804
2189968,Regiao 21,3,S5,153,-19.91828,-44.09081
4696077,Regiao 22,3,S5,234,-19.91302,-44.08864
7110316,Regiao 23,4,S5,275,-19.90848,-44.09112
2189984,Regiao 24,3,S5,325,-19.92635,-44.08060
2190176,Regiao 25,6,S5,1,-19.89446,-44.06772
2190389,Regiao 26,5,S5,6,-19.92797,-44.10414
2190451,Regiao 27,6,S5,82,-19.92890,-44.10979
2190206,Regiao 28,7,S5,63,-19.92824,-44.11701
2190524,Regiao 29,8,S5,117,-19.93008,-44.12490
2190435,Regiao 30,8,S5,103,-19.91695,-44.12164
2190877,Regiao 31,7,S5,87,-19.92367,-44.12114
181854,Regiao 32,8,S5,45,-19.91591,-44.11787
2190834,Regiao 33,12,S5,341,-19.86003,-44.13395
2190710,Regiao 34,16,S5,212,-19.82687,-44.14813
2190826,Regiao 35,13,S5,132,-19.87581,-44.14067
2190656,Regiao 36,15,S5,30,-19.83402,-44.09048
2190540,Regiao 37,24,S5,5,-19.80543,-44.13212
2189992,Regiao 38,7,S5,160,-19.95852,-44.02485
2191202,Regiao 39,8,S5,39,-19.96171,-44.02844
2190060,Regiao 40,9,S5,2,-19.95052,-44.01402
2190788,Regiao 41,6,S5,55,-19.94511,-44.02653
2190214,Regiao 42,8,S5,334,-19.96957,-44.02728
2190680,Regiao 43,8,S5,188,-19.96843,-44.04242
4275454,Regiao 44,7,S5,160,-19.95846,-44.04709
7301189,Regiao 45,8,S5,54,-19.96103,-44.03387
2190044,Regiao 46,4,S5,212,-19.95335,-44.06228
2189909,Regiao 47,6,S5,109,-19.95725,-44.05509
2189844,Regiao 48,6,S5,130,-19.95760,-44.05139
2190141,Regiao 49,9,S5,73,-19.97610,-44.06420
2220245,Regiao 50,4,S5,189,-19.94539,-44.05793
2190052,Regiao 51,6,S5,152,-19.94487,-44.03069
2190001,Regiao 52,5,S5,104,-19.92800,-44.03948
2191199,Regiao 1,3,S6,18,-19.94370,-44.06693
6557864,Regiao 2,3,S6,60,-19.92942,-44.05811
2190095,Regiao 3,4,S6,44,-19.92886,-44.04764
2190087,Regiao 4,4,S6,52,-19.93684,-44.04962
2191040,Regiao 5,3,S6,3,-19.93673,-44.07910
2190990,Regiao 6,3,S6,40,-19.92591,-44.06100
2191229,Regiao 7,5,S6,23,-19.91923,-44.04299
2191059,Regiao 8,4,S6,59,-19.92546,-44.06202
2190591,Regiao 9,8,S6,61,-19.90689,-44.03838
2190184,Regiao 10,8,S6,126,-19.90475,-44.02718
2190567,Regiao 11,7,S6,2,-19.89987,-44.03285
2190494,Regiao 12,10,S6,41,-19.88058,-44.01915
2190532,Regiao 13,9,S6,50,-19.88598,-44.01992
2190931,Regiao 14,9,S6,93,-19.87224,-44.02072
2190605,Regiao 15,7,S6,55,-19.88730,-44.04377
2190109,Regiao 16,6,S6,8,-19.88388,-44.05061
7116306,Regiao 17,12,S6,26,-19.85505,-44.01586
2190923,Regiao 18,11,S6,56,-19.86472,-44.04195
2190893,Regiao 19,14,S6,102,-19.84347,-44.03189
2190222,Regiao 20,12,S6,40,-19.85457,-44.02804
2189968,Regiao 21,3,S6,51,-19.91828,-44.09081
4696077,Regiao 22,3,S6,78,-19.91302,-44.08864
7110316,Regiao 23,4,S6,92,-19.90848,-44.09112
2189984,Regiao 24,3,S6,109,-19.92635,-44.08060
2190176,Regiao 25,6,S6,0,-19.89446,-44.06772
2190389,Regiao 26,5,S6,2,-19.92797,-44.10414
2190451,Regiao 27,6,S6,28,-19.92890,-44.10979
2190206,Regiao 28,7,S6,21,-19.92824,-44.11701
2190524,Regiao 29,8,S6,39,-19.93008,-44.12490
2190435,Regiao 30,8,S6,34,-19.91695,-44.12164
2190877,Regiao 31,7,S6,29,-19.92367,-44.12114
181854,Regiao 32,8,S6,15,-19.91591,-44.11787
2190834,Regiao 33,12,S6,114,-19.86003,-44.13395
2190710,Regiao 34,16,S6,71,-19.82687,-44.14813
2190826,Regiao 35,13,S6,44,-19.87581,-44.14067
2190656,Regiao 36,15,S6,10,-19.83402,-44.09048
2190540,Regiao 37,24,S6,2,-19.80543,-44.13212
2189992,Regiao 38,7,S6,54,-19.95852,-44.02485
2191202,Regiao 39,8,S6,13,-19.96171,-44.02844
2190060,Regiao 40,9,S6,1,-19.95052,-44.01402
2190788,Regiao 41,6,S6,18,-19.94511,-44.02653
2190214,Regiao 42,8,S6,112,-19.96957,-44.02728
2190680,Regiao 43,8,S6,63,-19.96843,-44.04242
4275454,Regiao 44,7,S6,54,-19.95846,-44.04709
7301189,Regiao 45,8,S6,18,-19.96103,-44.03387
2190044,Regiao 46,4,S6,71,-19.95335,-44.06228
2189909,Regiao 47,6,S6,37,-19.95725,-44.05509
2189844,Regiao 48,6,S6,44,-19.95760,-44.05139
2190141,Regiao 49,9,S6,25,-19.97610,-44.06420
2220245,Regiao 50,4,S6,63,-19.94539,-44.05793
2190052,Regiao 51,6,S6,51,-19.94487,-44.03069
2190001,Regiao 52,5,S6,35,-19.92800,-44.03948
2191199,Regiao 1,3,S7,16,-19.94370,-44.06693
6557864,Regiao 2,3,S7,54,-19.92942,-44.05811
2190095,Regiao 3,4,S7,39,-19.92886,-44.04764
2190087,Regiao 4,4,S7,47,-19.93684,-44.04962
2191040,Regiao 5,3,S7,2,-19.93673,-44.07910
2190990,Regiao 6,3,S7,36,-19.92591,-44.06100
2191229,Regiao 7,5,S7,21,-19.91923,-44.04299
2191059,Regiao 8,4,S7,53,-19.92546,-44.06202
2190591,Regiao 9,8,S7,55,-19.90689,-44.03838
2190184,Regiao 10,8,S7,113,-19.90475,-44.02718
2190567,Regiao 11,7,S7,2,-19.89987,-44.03285
2190494,Regiao 12,10,S7,37,-19.88058,-44.01915
2190532,Regiao 13,9,S7,45,-19.88598,-44.01992
2190931,Regiao 14,9,S7,84,-19.87224,-44.02072
2190605,Regiao 15,7,S7,49,-19.88730,-44.04377
2190109,Regiao 16,6,S7,7,-19.88388,-44.05061
7116306,Regiao 17,12,S7,23,-19.85505,-44.01586
2190923,Regiao 18,11,S7,50,-19.86472,-44.04195
2190893,Regiao 19,14,S7,92,-19.84347,-44.03189
2190222,Regiao 20,12,S7,36,-19.85457,-44.02804
2189968,Regiao 21,3,S7,46,-19.91828,-44.09081
4696077,Regiao 22,3,S7,70,-19.91302,-44.08864
7110316,Regiao 23,4,S7,83,-19.90848,-44.09112
2189984,Regiao 24,3,S7,98,-19.92635,-44.08060
2190176,Regiao 25,6,S7,0,-19.89446,-44.06772
2190389,Regiao 26,5,S7,2,-19.92797,-44.10414
2190451,Regiao 27,6,S7,25,-19.92890,-44.10979
2190206,Regiao 28,7,S7,19,-19.92824,-44.11701
2190524,Regiao 29,8,S7,35,-19.93008,-44.12490
2190435,Regiao 30,8,S7,31,-19.91695,-44.12164
2190877,Regiao 31,7,S7,26,-19.92367,-44.12114
181854,Regiao 32,8,S7,14,-19.91591,-44.11787
2190834,Regiao 33,12,S7,103,-19.86003,-44.13395
2190710,Regiao 34,16,S7,64,-19.82687,-44.14813
2190826,Regiao 35,13,S7,40,-19.87581,-44.14067
2190656,Regiao 36,15,S7,9,-19.83402,-44.09048
2190540,Regiao 37,24,S7,1,-19.80543,-44.13212
2189992,Regiao 38,7,S7,48,-19.95852,-44.02485
2191202,Regiao 39,8,S7,12,-19.96171,-44.02844
2190060,Regiao 40,9,S7,1,-19.95052,-44.01402
2190788,Regiao 41,6,S7,17,-19.94511,-44.02653
2190214,Regiao 42,8,S7,101,-19.96957,-44.02728
2190680,Regiao 43,8,S7,57,-19.96843,-44.04242
4275454,Regiao 44,7,S7,48,-19.95846,-44.04709
7301189,Regiao 45,8,S7,16,-19.96103,-44.03387
2190044,Regiao 46,4,S7,64,-19.95335,-44.06228
2189909,Regiao 47,6,S7,33,-19.95725,-44.05509
2189844,Regiao 48,6,S7,39,-19.95760,-44.05139
2190141,Regiao 49,9,S7,22,-19.97610,-44.06420
2220245,Regiao 50,4,S7,57,-19.94539,-44.05793
2190052,Regiao 51,6,S7,46,-19.94487,-44.03069
2190001,Regiao 52,5,S7,31,-19.92800,-44.03948
2191199,Regiao 1,3,S8,3,-19.94370,-44.06693
6557864,Regiao 2,3,S8,9,-19.92942,-44.05811
2190095,Regiao 3,4,S8,7,-19.92886,-44.04764
2190087,Regiao 4,4,S8,8,-19.93684,-44.04962
2191040,Regiao 5,3,S8,0,-19.93673,-44.07910
2190990,Regiao 6,3,S8,6,-19.92591,-44.06100
2191229,Regiao 7,5,S8,3,-19.91923,-44.04299
2191059,Regiao 8,4,S8,9,-19.92546,-44.06202
2190591,Regiao 9,8,S8,9,-19.90689,-44.03838
2190184,Regiao 10,8,S8,19,-19.90475,-44.02718
2190567,Regiao 11,7,S8,0,-19.89987,-44.03285
2190494,Regiao 12,10,S8,6,-19.88058,-44.01915
2190532,Regiao 13,9,S8,7,-19.88598,-44.01992
2190931,Regiao 14,9,S8,14,-19.87224,-44.02072
2190605,Regiao 15,7,S8,8,-19.88730,-44.04377
2190109,Regiao 16,6,S8,1,-19.88388,-44.05061
7116306,Regiao 17,12,S8,4,-19.85505,-44.01586
2190923,Regiao 18,11,S8,8,-19.86472,-44.04195
2190893,Regiao 19,14,S8,15,-19.84347,-44.03189
2190222,Regiao 20,12,S8,6,-19.85457,-44.02804
2189968,Regiao 21,3,S8,8,-19.91828,-44.09081
4696077,Regiao 22,3,S8,12,-19.91302,-44.08864
7110316,Regiao 23,4,S8,14,-19.90848,-44.09112
2189984,Regiao 24,3,S8,16,-19.92635,-44.08060
2190176,Regiao 25,6,S8,0,-19.89446,-44.06772
2190389,Regiao 26,5,S8,0,-19.92797,-44.10414
2190451,Regiao 27,6,S8,4,-19.92890,-44.10979
2190206,Regiao 28,7,S8,3,-19.92824,-44.11701
2190524,Regiao 29,8,S8,6,-19.93008,-44.12490
2190435,Regiao 30,8,S8,5,-19.91695,-44.12164
2190877,Regiao 31,7,S8,4,-19.92367,-44.12114
181854,Regiao 32,8,S8,2,-19.91591,-44.11787
2190834,Regiao 33,12,S8,17,-19.86003,-44.13395
2190710,Regiao 34,16,S8,11,-19.82687,-44.14813
2190826,Regiao 35,13,S8,7,-19.87581,-44.14067
2190656,Regiao 36,15,S8,1,-19.83402,-44.09048
2190540,Regiao 37,24,S8,0,-19.80543,-44.13212
2189992,Regiao 38,7,S8,8,-19.95852,-44.02485
2191202,Regiao 39,8,S8,2,-19.96171,-44.02844
2190060,Regiao 40,9,S8,0,-19.95052,-44.01402
2190788,Regiao 41,6,S8,3,-19.94511,-44.02653
2190214,Regiao 42,8,S8,17,-19.96957,-44.02728
2190680,Regiao 43,8,S8,9,-19.96843,-44.04242
4275454,Regiao 44,7,S8,8,-19.95846,-44.04709
7301189,Regiao 45,8,S8,3,-19.96103,-44.03387
2190044,Regiao 46,4,S8,11,-19.95335,-44.06228
2189909,Regiao 47,6,S8,5,-19.95725,-44.05509
2189844,Regiao 48,6,S8,7,-19.95760,-44.05139
2190141,Regiao 49,9,S8,4,-19.97610,-44.06420
2220245,Regiao 50,4,S8,10,-19.94539,-44.05793
2190052,Regiao 51,6,S8,8,-19.94487,-44.03069
2190001,Regiao 52,5,S8,5,-19.92800,-44.03948
2191199,Regiao 1,3,S9,52,-19.94370,-44.06693
6557864,Regiao 2,3,S9,174,-19.92942,-44.05811
2190095,Regiao 3,4,S9,126,-19.92886,-44.04764
2190087,Regiao 4,4,S9,152,-19.93684,-44.04962
2191040,Regiao 5,3,S9,8,-19.93673,-44.07910
2190990,Regiao 6,3,S9,117,-19.92591,-44.06100
2191229,Regiao 7,5,S9,67,-19.91923,-44.04299
2191059,Regiao 8,4,S9,172,-19.92546,-44.06202
2190591,Regiao 9,8,S9,178,-19.90689,-44.03838
2190184,Regiao 10,8,S9,365,-19.90475,-44.02718
2190567,Regiao 11,7,S9,7,-19.89987,-44.03285
2190494,Regiao 12,10,S9,120,-19.88058,-44.01915
2190532,Regiao 13,9,S9,144,-19.88598,-44.01992
2190931,Regiao 14,9,S9,269,-19.87224,-44.02072
2190605,Regiao 15,7,S9,159,-19.88730,-44.04377
2190109,Regiao 16,6,S9,24,-19.88388,-44.05061
7116306,Regiao 17,12,S9,75,-19.85505,-44.01586
2190923,Regiao 18,11,S9,162,-19.86472,-44.04195
2190893,Regiao 19,14,S9,296,-19.84347,-44.03189
2190222,Regiao 20,12,S9,116,-19.85457,-44.02804
2189968,Regiao 21,3,S9,149,-19.91828,-44.09081
4696077,Regiao 22,3,S9,227,-19.91302,-44.08864
7110316,Regiao 23,4,S9,267,-19.90848,-44.09112
2189984,Regiao 24,3,S9,316,-19.92635,-44.08060
2190176,Regiao 25,6,S9,1,-19.89446,-44.06772
2190389,Regiao 26,5,S9,5,-19.92797,-44.10414
2190451,Regiao 27,6,S9,80,-19.92890,-44.10979
2190206,Regiao 28,7,S9,62,-19.92824,-44.11701
2190524,Regiao 29,8,S9,113,-19.93008,-44.12490
2190435,Regiao 30,8,S9,100,-19.91695,-44.12164
2190877,Regiao 31,7,S9,84,-19.92367,-44.12114
181854,Regiao 32,8,S9,44,-19.91591,-44.11787
2190834,Regiao 33,12,S9,331,-19.86003,-44.13395
2190710,Regiao 34,16,S9,206,-19.82687,-44.14813
2190826,Regiao 35,13,S9,128,-19.87581,-44.14067
2190656,Regiao 36,15,S9,29,-19.83402,-44.09048
2190540,Regiao 37,24,S9,5,-19.80543,-44.13212
2189992,Regiao 38,7,S9,156,-19.95852,-44.02485
2191202,Regiao 39,8,S9,38,-19.96171,-44.02844
2190060,Regiao 40,9,S9,2,-19.95052,-44.01402
2190788,Regiao 41,6,S9,53,-19.94511,-44.02653
2190214,Regiao 42,8,S9,324,-19.96957,-44.02728
2190680,Regiao 43,8,S9,182,-19.96843,-44.04242
4275454,Regiao 44,7,S9,156,-19.95846,-44.04709
7301189,Regiao 45,8,S9,53,-19.96103,-44.03387
2190044,Regiao 46,4,S9,206,-19.95335,-44.06228
2189909,Regiao 47,6,S9,106,-19.95725,-44.05509
2189844,Regiao 48,6,S9,126,-19.95760,-44.05139
2190141,Regiao 49,9,S9,71,-19.97610,-44.06420
2220245,Regiao 50,4,S9,184,-19.94539,-44.05793
2190052,Regiao 51,6,S9,148,-19.94487,-44.03069
2190001,Regiao 52,5,S9,101,-19.92800,-44.03948
2191199,Regiao 1,3,S10,36,-19.94370,-44.06693
6557864,Regiao 2,3,S10,122,-19.92942,-44.05811
2190095,Regiao 3,4,S10,89,-19.92886,-44.04764
2190087,Regiao 4,4,S10,107,-19.93684,-44.04962
2191040,Regiao 5,3,S10,5,-19.93673,-44.07910
2190990,Regiao 6,3,S10,82,-19.92591,-44.06100
2191229,Regiao 7,5,S10,47,-19.91923,-44.04299
2191059,Regiao 8,4,S10,120,-19.92546,-44.06202
2190591,Regiao 9,8,S10,125,-19.90689,-44.03838
2190184,Regiao 10,8,S10,256,-19.90475,-44.02718
2190567,Regiao 11,7,S10,5,-19.89987,-44.03285
2190494,Regiao 12,10,S10,84,-19.88058,-44.01915
2190532,Regiao 13,9,S10,101,-19.88598,-44.01992
2190931,Regiao 14,9,S10,189,-19.87224,-44.02072
2190605,Regiao 15,7,S10,112,-19.88730,-44.04377
2190109,Regiao 16,6,S10,17,-19.88388,-44.05061
7116306,Regiao 17,12,S10,53,-19.85505,-44.01586
2190923,Regiao 18,11,S10,114,-19.86472,-44.04195
2190893,Regiao 19,14,S10,208,-19.84347,-44.03189
2190222,Regiao 20,12,S10,82,-19.85457,-44.02804
2189968,Regiao 21,3,S10,105,-19.91828,-44.09081
4696077,Regiao 22,3,S10,159,-19.91302,-44.08864
7110316,Regiao 23,4,S10,188,-19.90848,-44.09112
2189984,Regiao 24,3,S10,222,-19.92635,-44.08060
2190176,Regiao 25,6,S10,0,-19.89446,-44.06772
2190389,Regiao 26,5,S10,4,-19.92797,-44.10414
2190451,Regiao 27,6,S10,56,-19.92890,-44.10979
2190206,Regiao 28,7,S10,43,-19.92824,-44.11701
2190524,Regiao 29,8,S10,80,-19.93008,-44.12490
2190435,Regiao 30,8,S10,70,-19.91695,-44.12164
2190877,Regiao 31,7,S10,59,-19.92367,-44.12114
181854,Regiao 32,8,S10,31,-19.91591,-44.11787
2190834,Regiao 33,12,S10,233,-19.86003,-44.13395
2190710,Regiao 34,16,S10,144,-19.82687,-44.14813
2190826,Regiao 35,13,S10,90,-19.87581,-44.14067
2190656,Regiao 36,15,S10,20,-19.83402,-44.09048
2190540,Regiao 37,24,S10,3,-19.80543,-44.13212
2189992,Regiao 38,7,S10,109,-19.95852,-44.02485
2191202,Regiao 39,8,S10,27,-19.96171,-44.02844
2190060,Regiao 40,9,S10,1,-19.95052,-44.01402
2190788,Regiao 41,6,S10,37,-19.94511,-44.02653
2190214,Regiao 42,8,S10,227,-19.96957,-44.02728
2190680,Regiao 43,8,S10,128,-19.96843,-44.04242
4275454,Regiao 44,7,S10,109,-19.95846,-44.04709
7301189,Regiao 45,8,S10,37,-19.96103,-44.03387
2190044,Regiao 46,4,S10,144,-19.95335,-44.06228
2189909,Regiao 47,6,S10,74,-19.95725,-44.05509
2189844,Regiao 48,6,S10,89,-19.95760,-44.05139
2190141,Regiao 49,9,S10,50,-19.97610,-44.06420
2220245,Regiao 50,4,S10,129,-19.94539,-44.05793
2190052,Regiao 51,6,S10,104,-19.94487,-44.03069
2190001,Regiao 52,5,S10,71,-19.92800,-44.03948
2191199,Regiao 1,3,S11,200,-19.94370,-44.06693
6557864,Regiao 2,3,S11,671,-19.92942,-44.05811
2190095,Regiao 3,4,S11,487,-19.92886,-44.04764
2190087,Regiao 4,4,S11,584,-19.93684,-44.04962
2191040,Regiao 5,3,S11,29,-19.93673,-44.07910
2190990,Regiao 6,3,S11,450,-19.92591,-44.06100
2191229,Regiao 7,5,S11,258,-19.91923,-44.04299
2191059,Regiao 8,4,S11,661,-19.92546,-44.06202
2190591,Regiao 9,8,S11,684,-19.90689,-44.03838
2190184,Regiao 10,8,S11,1406,-19.90475,-44.02718
2190567,Regiao 11,7,S11,26,-19.89987,-44.03285
2190494,Regiao 12,10,S11,461,-19.88058,-44.01915
2190532,Regiao 13,9,S11,553,-19.88598,-44.01992
2190931,Regiao 14,9,S11,1037,-19.87224,-44.02072
2190605,Regiao 15,7,S11,613,-19.88730,-44.04377
2190109,Regiao 16,6,S11,92,-19.88388,-44.05061
7116306,Regiao 17,12,S11,290,-19.85505,-44.01586
2190923,Regiao 18,11,S11,624,-19.86472,-44.04195
2190893,Regiao 19,14,S11,1140,-19.84347,-44.03189
2190222,Regiao 20,12,S11,447,-19.85457,-44.02804
2189968,Regiao 21,3,S11,574,-19.91828,-44.09081
4696077,Regiao 22,3,S11,874,-19.91302,-44.08864
7110316,Regiao 23,4,S11,1029,-19.90848,-44.09112
2189984,Regiao 24,3,S11,1216,-19.92635,-44.08060
2190176,Regiao 25,6,S11,3,-19.89446,-44.06772
2190389,Regiao 26,5,S11,21,-19.92797,-44.10414
2190451,Regiao 27,6,S11,308,-19.92890,-44.10979
2190206,Regiao 28,7,S11,237,-19.92824,-44.11701
2190524,Regiao 29,8,S11,437,-19.93008,-44.12490
2190435,Regiao 30,8,S11,384,-19.91695,-44.12164
2190877,Regiao 31,7,S11,324,-19.92367,-44.12114
181854,Regiao 32,8,S11,168,-19.91591,-44.11787
2190834,Regiao 33,12,S11,1277,-19.86003,-44.13395
2190710,Regiao 34,16,S11,792,-19.82687,-44.14813
2190826,Regiao 35,13,S11,492,-19.87581,-44.14067
2190656,Regiao 36,15,S11,111,-19.83402,-44.09048
2190540,Regiao 37,24,S11,18,-19.80543,-44.13212
2189992,Regiao 38,7,S11,600,-19.95852,-44.02485
2191202,Regiao 39,8,S11,147,-19.96171,-44.02844
2190060,Regiao 40,9,S11,8,-19.95052,-44.01402
2190788,Regiao 41,6,S11,205,-19.94511,-44.02653
2190214,Regiao 42,8,S11,1248,-19.96957,-44.02728
2190680,Regiao 43,8,S11,703,-19.96843,-44.04242
4275454,Regiao 44,7,S11,600,-19.95846,-44.04709
7301189,Regiao 45,8,S11,203,-19.96103,-44.03387
2190044,Regiao 46,4,S11,792,-19.95335,-44.06228
2189909,Regiao 47,6,S11,408,-19.95725,-44.05509
2189844,Regiao 48,6,S11,487,-19.95760,-44.05139
2190141,Regiao 49,9,S11,274,-19.97610,-44.06420
2220245,Regiao 50,4,S11,708,-19.94539,-44.05793
2190052,Regiao 51,6,S11,569,-19.94487,-44.03069
2190001,Regiao 52,5,S11,390,-19.92800,-44.03948
